{"cameraMode":{"drawMode":0,"name":"Shaded","section":"Shading Mode"},"sceneLighting":false,"audioPlay":false,"sceneViewState":{"showFog":true,"showMaterialUpdate":false,"showSkybox":false,"showFlares":true,"showImageEffects":true,"showParticleSystems":true},"in2DMode":false,"pivot":{"x":0.03122839331626892,"y":-0.028217239305377008,"z":0.4128165543079376},"rotation":{"x":0.028790345415472986,"y":0.032974909991025928,"z":-0.0009502891334705055,"w":0.9990410208702087},"size":0.5079542398452759,"orthographic":false}