{"cameraMode":{"drawMode":0,"name":"Shaded","section":"Shading Mode"},"sceneLighting":false,"audioPlay":false,"sceneViewState":{"showFog":true,"showMaterialUpdate":false,"showSkybox":false,"showFlares":true,"showImageEffects":true,"showParticleSystems":true},"in2DMode":false,"pivot":{"x":-0.2667666971683502,"y":0.12241482734680176,"z":-0.38817137479782107},"rotation":{"x":-0.029930181801319124,"y":0.06592251360416413,"z":-0.001978253247216344,"w":-0.9973738193511963},"size":0.6614669561386108,"orthographic":false}